{
  "Mat":{
    "Brød":{
      "Kneip":{
        "Vare":"Kneipbrød",
        "Pris":15,
        "Allergier":["Hvete","Nøtter","Sesamfrø"],
        "Storrelse":"670 gram",
        "Produsent":"KORN BAKERI",
        "Bilde":"Bilder/Kneip.jpg",
        "Bilde2":"Bilder/KneipStor.jpg"
      },
      "Loff":{
        "Vare":"Loff",
        "Pris":7,
        "Allergier":["Hvete","Peanøtter","Nøtter"],
        "Storrelse":"630 gram",
        "Produsent":"KORN BAKERI",
        "Bilde":"Bilder/Loff.jpg",
        "Bilde2":"Bilder/LoffStor.jpg"
      },
      "Havrebrød":{
        "Vare":"Havrebrød",
        "Pris":39,
        "Allergier":["Hvete","Nøtter"],
        "Storrelse":"700 gram",
        "Produsent":"KORN BAKERI",
        "Bilde":"Bilder/Havrebrød.jpg",
        "Bilde2":"Bilder/HavrebrødStor.jpg"
      },
      "Familiebrød":{
        "Vare":"Familiebrød",
        "Pris":39,
        "Allergier":["Hvetemel","Nøtter"],
        "Storrelse":"800 gram",
        "Produsent":"KORN BAKERI",
        "Bilde":"Bilder/Familiebrød.jpg",
        "Bilde2":"Bilder/FamiliebrødStor.jpg"
      },
      "Solsikkebrød":{
        "Vare":"Solsikkebrød",
        "Pris":35,
        "Allergier":["Hvete","Rug","Nøtter"],
        "Storrelse":"770 gram",
        "Produsent":"KORN BAKERI",
        "Bilde":"Bilder/Solsikkebrød.jpg",
        "Bilde2":"Bilder/SolsikkebrødStor.jpg"
      },
      "GourmetGrov":{
        "Vare":"Gourmet Grovbrød",
        "Pris":32,
        "Allergier":["Hvete","Bygg","Rug"],
        "Storrelse":"670 gram",
        "Produsent":"Baker Hansen",
        "Bilde":"Bilder/Gourmet_grov.jpg",
        "Bilde2":"Bilder/Gourmet_grovStor.jpg"
      },
      "Gourmetloff":{
        "Vare":"Gourmetloff",
        "Pris":36,
        "Allergier":["Hvete"],
        "Storrelse":"520 gram",
        "Produsent":"French Bakery",
        "Bilde":"Bilder/Gourmet_loff.jpg",
        "Bilde2":"Bilder/Gourmet_loffStor.jpg"
      },
      "7Kornbrød":{
        "Vare":"7-Kornbrød",
        "Pris":42,
        "Allergier":["Hvete","Rug","Sesamfrø","Etekli"],
        "Storrelse":"700 gram",
        "Produsent":"KORN BAKERI",
        "Bilde":"Bilder/7Kornbrød.jpg",
        "Bilde2":"Bilder/7KornbrødStor.jpg"
      }
    },
    "Melk":{
      "1LHelTine":{
        "Vare":"Tine Helmelk",
        "Pris":19,
        "Allergier":["Melk"],
        "Storrelse":"1 Liter",
        "Produsent":"Tine",
        "Bilde":"Bilder/1LHelT.jpg",
        "Bilde2":"Bilder/1LHelTStor.jpg"
      },
      "1LHelmelkQ":{
        "Vare":"Q Helmelk",
        "Pris":19,
        "Allergier":["Melk"],
        "Storrelse":"1 Liter",
        "Produsent":"Q-Meieriene",
        "Bilde":"Bilder/1LHelQ.jpg",
        "Bilde2":"Bilder/1LHelQStor.jpg"
      },
      "1LLettT":{
        "Vare":"Tine Lettmelk",
        "Pris":21,
        "Allergier":["Melk"],
        "Storrelse":"1 Liter",
        "Produsent":"Tine",
        "Bilde":"Bilder/1LLettT.jpg",
        "Bilde2":"Bilder/1LLettTStor.jpg"
      },
      "1LLettQ":{
        "Vare":"Q Lettmelk",
        "Pris":22,
        "Allergier":["Melk"],
        "Storrelse":"1 Liter",
        "Produsent":"Q-Meieriene",
        "Bilde":"Bilder/1LLettQ.jpg",
        "Bilde2":"Bilder/1LLettQStor.jpg"
      },
      "1LEkstralettT":{
        "Vare":"Tine Ekstra Lettmelk",
        "Pris":21,
        "Allergier":["Melk"],
        "Storrelse":"1 Liter",
        "Produsent":"Tine",
        "Bilde":"Bilder/1LEkstralettT.jpg",
        "Bilde2":"Bilder/1LEkstraLettTStor.jpg"
      },
      "1LEkstralettQ":{
        "Vare":"Q Ekstra Lettmelk",
        "Pris":20,
        "Allergier":["Melk"],
        "Storrelse":"1 Liter",
        "Produsent":"Q-Meieriene",
        "Bilde":"Bilder/1LEkstralettQ.jpg",
        "Bilde2":"Bilder/1LEkstraLettQStor.jpg"
      },
      "1LSkummetT":{
        "Vare":"Tine Skummetmelk",
        "Pris":17,
        "Allergier":["Melk"],
        "Storrelse":"1 Liter",
        "Produsent":"Tine",
        "Bilde":"Bilder/1LSkummetT.jpg",
        "Bilde2":"Bilder/1LSkummetTStor.jpg"
      },
      "1LSkummetQ":{
        "Vare":"Q Skummetmelk",
        "Pris":18,
        "Allergier":["Melk"],
        "Storrelse":"1 Liter",
        "Produsent":"Q-Meieriene",
        "Bilde":"Bilder/1LSkummetQ.jpg",
        "Bilde2":"Bilder/1LSkummetQStor.jpg"
      },
      "1LLaktosefrilettT":{
        "Vare":"Tine Laktosefri Lettmelk",
        "Pris":29,
        "Allergier":[""],
        "Storrelse":"1 Liter",
        "Produsent":"Tine",
        "Bilde":"Bilder/1LLaktosefrilettT.jpg",
        "Bilde2":"Bilder/1LLaktosefrilettTStor.jpg"
      },
      "1LLaktosefriEkstralettT":{
        "Vare":"Tine Laktosefri Ekstra Lettmelk",
        "Pris":33,
        "Allergier":[""],
        "Storrelse":"1 Liter",
        "Produsent":"Tine",
        "Bilde":"Bilder/1LLaktosefriEkstralettT.jpg",
        "Bilde2":"Bilder/1LLaktosefriEkstralettTStor.jpg"
      }
    },
    "Brus":{
      "15PM":{
        "Vare":"Pepsi Max",
        "Pris":34,
        "Allergier":["Sukkerfri"],
        "Storrelse":"1,5 Liter",
        "Produsent":"Ringnes",
        "Bilde":"Bilder/1.5PM.jpg",
        "Bilde2":"Bilder/1.5PMStor.jpg"
      },
      "15Solo":{
        "Vare":"Solo",
        "Pris":36,
        "Allergier":[""],
        "Storrelse":"1,5 Liter",
        "Produsent":"Ringnes",
        "Bilde":"Bilder/1.5Solo.jpg",
        "Bilde2":"Bilder/1.5SoloStor.jpg"
      },
      "15Sprite":{
        "Vare":"Sprite",
        "Pris":40,
        "Allergier":[""],
        "Storrelse":"1,5 Liter",
        "Produsent":"Coca Cola Company",
        "Bilde":"Bilder/1.5Sprite.jpg",
        "Bilde2":"Bilder/1.5SpriteStor.jpg"
      },
      "15ColaX":{
        "Vare":"Cola X",
        "Pris": 24,
        "Allergier":[""],
        "Storrelse":"1,5 Liter",
        "Produsent":"Grans Bryggeri",
        "Bilde":"Bilder/1.5ColaX.jpg",
        "Bilde2":"Bilder/1.5ColaXStor.jpg"
      },
      "15FantaO":{
        "Vare":"Fanta Orange",
        "Pris":33,
        "Allergier":[""],
        "Storrelse":"1,5 Liter",
        "Produsent":"Coca Cola Company",
        "Bilde":"Bilder/1.5FantaO.jpg",
        "Bilde2":"Bilder/1.5FantaOStor.jpg"
      },
      "15PMLime":{
        "Vare":"Pepsi Max Lime",
        "Pris":34,
        "Allergier":["Sukkerfri"],
        "Storrelse":"1,5 Liter",
        "Produsent":"Ringnes",
        "Bilde":"Bilder/1.5PML.jpg",
        "Bilde2":"Bilder/1.5PMLStor.jpg"
      },
      "10PakkLitenCola":{
        "Vare":"Coca Cola",
        "Pris":115,
        "Allergier":[""],
        "Storrelse":"10 x 0.33L",
        "Produsent":"Coca Cola Company",
        "Bilde":"Bilder/10PakkLitenCola.jpg",
        "Bilde2":"Bilder/10PakkLitenColaStor.jpg"
      },
      "12PakkLitenPM":{
        "Vare":"Pepsi Max",
        "Pris":120,
        "Allergier":["Sukkerfri"],
        "Storrelse":"12 x 0.33L",
        "Produsent":"Coca Cola Company",
        "Bilde":"Bilder/12PakkLitenPM.jpg",
        "Bilde2":"Bilder/12PakkLitenPMStor.jpg"
      },
      "4PakkLitenPM":{
        "Vare":"Pepsi Max",
        "Pris":45,
        "Allergier":["Sukkerfri"],
        "Storrelse":"4 x 0.33L",
        "Produsent":"Coca Cola Company",
        "Bilde":"Bilder/4PakkLitenPM.jpg",
        "Bilde2":"Bilder/4PakkLitenPMStor.jpg"
      },
      "15FantaE":{
        "Vare":"Fanta Exotic",
        "Pris":33,
        "Allergier":[""],
        "Storrelse":"1,5 Liter",
        "Produsent":"Ringnes",
        "Bilde":"Bilder/1.5FantaE.jpg",
        "Bilde2":"Bilder/1.5FantaEStor.jpg"
      }
    },
    "Paalegg":{
      "KyllingogKjottpaalegg":{
        "LovskaretPepperskinke":{
          "Vare":"Løvskåret Pepperskinke",
          "Pris":33,
          "Allergier":[""],
          "Storrelse":"100 gram",
          "Produsent":"Sørlandskjøtt",
          "Bilde":"Bilder/LovskaretPepperskinke.jpg",
          "Bilde2":"Bilder/LovskaretPepperskinkeStor.jpg"
        },
        "Provencefilet":{
          "Vare":"Provencefilet",
          "Pris":32,
          "Allergier":[""],
          "Storrelse":"100 gram",
          "Produsent":"Sørlandskjøtt",
          "Bilde":"Bilder/Provencefilet.jpg",
          "Bilde2":"Bilder/ProvencefiletStor.jpg"
        },
        "SvinestekavFilet":{
          "Vare":"Svinestek av Filet",
          "Pris":35,
          "Allergier":[""],
          "Storrelse":"100 gram",
          "Produsent":"Sørlandskjøtt",
          "Bilde":"Bilder/SvinestekavFilet.jpg",
          "Bilde2":"Bilder/SvinestekavFiletStor.jpg"
        },
        "Hawaiiplomme":{
          "Vare":"Hawaiiplomme",
          "Pris":30,
          "Allergier":[""],
          "Storrelse":"100 gram",
          "Produsent":"Sørlandskjøtt",
          "Bilde":"Bilder/Hawaiiplomme.jpg",
          "Bilde2":"Bilder/HawaiiplommeStor.jpg"
        },
        "BokeroktHGSkinke":{
          "Vare":"Bøkerøkt Herregårdskinke",
          "Pris":37,
          "Allergier":[""],
          "Storrelse":"100 gram",
          "Produsent":"Sørlandskjøtt",
          "Bilde":"Bilder/BokeroktHGSkinke.jpg",
          "Bilde2":"Bilder/BokeroktHGSkinkeStor.jpg"
        },
        "VarBesteSkinke":{
          "Vare":"Vår Beste Skinke",
          "Pris":36,
          "Allergier":[""],
          "Storrelse":"100 gram",
          "Produsent":"Sørlandskjøtt",
          "Bilde":"Bilder/VarBesteSkinke.jpg",
          "Bilde2":"Bilder/VarBesteSkinkeStor.jpg"
        },
        "Roastbeef":{
          "Vare":"Roastbeef",
          "Pris":29,
          "Allergier":[""],
          "Storrelse":"100 gram",
          "Produsent":"Sørlandskjøtt",
          "Bilde":"Bilder/Roastbeef.jpg",
          "Bilde2":"Bilder/RoastbeefStor.jpg"
        },
        "SkinkeLovtynn":{
          "Vare":"Skinke Løvtynn",
          "Pris":37,
          "Allergier":[""],
          "Storrelse":"110 gram",
          "Produsent":"Gilde",
          "Bilde":"Bilder/SkinkeLovtynn.jpg",
          "Bilde2":"Bilder/SkinkeLovtynnStor.jpg"
        },
        "HamburgerryggLovtynn":{
          "Vare":"Hamburgerrygg Løvtynn",
          "Pris":33,
          "Allergier":[""],
          "Storrelse":"110 gram",
          "Produsent":"Gilde",
          "Bilde":"Bilder/HamburgerryggLovtynn.jpg",
          "Bilde2":"Bilder/HamburgerryggLovtynnStor.jpg"
        },
        "Krydderskinke":{
          "Vare":"Krydderskinke",
          "Pris":30,
          "Allergier":[""],
          "Storrelse":"110 gram",
          "Produsent":"Gilde",
          "Bilde":"Bilder/Krydderskinke.jpg",
          "Bilde2":"Bilder/KrydderskinkeStor.jpg"
        }
      },
      "Fiskepaalegg":{
        "VarmroktPepperlaks":{
          "Vare":"Varmrøkt Pepperlaks",
          "Pris":106,
          "Allergier":["Laks"],
          "Storrelse":"280 gram",
          "Produsent":"Troll Salmon",
          "Bilde":"Bilder/VarmroktPepperlaks.jpg",
          "Bilde2":"Bilder/VarmroktPepperlaksStor.jpg"
        },
        "VarmroktPepperlaks2":{
          "Vare":"Varmrøkt Pepperlaks",
          "Pris":46,
          "Allergier":["Laks"],
          "Storrelse":"150 gram",
          "Produsent":"Norsk Sjømat",
          "Bilde":"Bilder/VarmroktPepperlaks2.jpg",
          "Bilde2":"Bilder/VarmroktPepperlaks2Stor.jpg"
        },
        "RoktLaksSkivet":{
          "Vare":"Røkt Laks, skivet",
          "Pris":50,
          "Allergier":["Laks"],
          "Storrelse":"150 gram",
          "Produsent":"Norsk Sjømat",
          "Bilde":"Bilder/RoktLaksSkivet.jpg",
          "Bilde2":"Bilder/RoktLaksSkivetStor.jpg"
        },
        "RoktOrretSkivet":{
          "Vare":"Røkt Ørret, Skivet",
          "Pris":101,
          "Allergier":["Ørret"],
          "Storrelse":"350 gram",
          "Produsent":"Maxmat",
          "Bilde":"Bilder/RoktOrretSkivet.jpg",
          "Bilde2":"Bilder/RoktOrretSkivetStor.jpg"
        },
        "RoktLaks":{
          "Vare":"Røkt Laks",
          "Pris":98,
          "Allergier":["Laks"],
          "Storrelse":"350 gram",
          "Produsent":"Maxmat",
          "Bilde":"Bilder/RoktLaks.jpg",
          "Bilde2":"Bilder/RoktLaksStor.jpg"
        },
        "Stabbur-makrell":{
          "Vare":"Stabbur-Makrell",
          "Pris":34,
          "Allergier":["Makrell"],
          "Storrelse":"185 gram",
          "Produsent":"Stabburet",
          "Bilde":"Bilder/Stabbur-makrell.jpg",
          "Bilde2":"Bilder/Stabbur-makrellStor.jpg"
        },
        "SMHF":{
          "Vare":"Stabbur-Makrell Hakket Filet",
          "Pris":15,
          "Allergier":["Makrell"],
          "Storrelse":"110 gram",
          "Produsent":"Stabburet",
          "Bilde":"Bilder/SMHF.jpg",
          "Bilde2":"Bilder/SMHFStor.jpg"
        },
        "SMIT":{
          "Vare":"Stabbur-Makrell i tomat",
          "Pris":16,
          "Allergier":["Makrell"],
          "Storrelse":"110 gram",
          "Produsent":"Stabburet",
          "Bilde":"Bilder/SMIT.jpg",
          "Bilde2":"Bilder/SMITStor.jpg"
        },
        "PMIO":{
          "Vare":"Peppermakrell i tomat",
          "Pris":33,
          "Allergier":["Makrell"],
          "Storrelse":"80 gram",
          "Produsent":"Stabburet",
          "Bilde":"Bilder/PMIO.jpg",
          "Bilde2":"Bilder/PMIOStor.jpg"
        },
        "MIT":{
          "Vare":"Makrell i tomat",
          "Pris":15,
          "Allergier":["Makrell"],
          "Storrelse":"170 gram",
          "Produsent":"Stabburet",
          "Bilde":"Bilder/MIT.jpg",
          "Bilde2":"Bilder/MITStor.jpg"
        }
      },
      "Sotpaalegg":{
        "PeaBut":{
          "Vare":"Peanutbutter",
          "Pris":39,
          "Allergier":["Peanøtter"],
          "Storrelse":"350 gram",
          "Produsent":"Mills",
          "Bilde":"Bilder/PeaBut.jpg",
          "Bilde2":"Bilder/PeaButStor.jpg"
        },
        "Sjokade":{
          "Vare":"Sjokade",
          "Pris":32,
          "Allergier":["Peanøtter"],
          "Storrelse":"500 gram",
          "Produsent":"Orkla",
          "Bilde":"Bilder/Sjokade.jpg",
          "Bilde2":"Bilder/SjokadeStor.jpg"
        },
        "Hapa":{
          "Vare":"Hapå",
          "Pris":34,
          "Allergier":["Peanøtter"],
          "Storrelse":"310 gram",
          "Produsent":"O Kavli",
          "Bilde":"Bilder/Hapå.jpg",
          "Bilde2":"Bilder/HapåStor.jpg"
        },
        "SolsikkeHonning":{
          "Vare":"Solsikkehonning",
          "Pris":63,
          "Allergier":[""],
          "Storrelse":"350 gram",
          "Produsent":"Honningcentralen",
          "Bilde":"Bilder/SolsikkeHonning.jpg",
          "Bilde2":"Bilder/SolsikkeHonningStor.jpg"
        },
        "FlytendeAkasiehonning":{
          "Vare":"Flytende Akasihonning",
          "Pris":60,
          "Allergier":[""],
          "Storrelse":"350 gram",
          "Produsent":"Honningcentralen",
          "Bilde":"Bilder/FlytendeAkasiehonning.jpg",
          "Bilde2":"Bilder/FlytendeAkasiehonningStor.jpg"
        },
        "Lynghonning":{
          "Vare":"Lynghonning",
          "Pris":60,
          "Allergier":[""],
          "Storrelse":"160 gram",
          "Produsent":"Lien Gård",
          "Bilde":"Bilder/Lynghonning.jpg",
          "Bilde2":"Bilder/LynghonningStor.jpg"
        },
        "Sommerhonning":{
          "Vare":"Sommerhonning",
          "Pris":59,
          "Allergier":[""],
          "Storrelse":"160 gram",
          "Produsent":"Lien Gård",
          "Bilde":"Bilder/Sommerhonning.jpg",
          "Bilde2":"Bilder/SommerhonningStor.jpg"
        },
        "Fjellhonning":{
          "Vare":"Fjellhonning",
          "Pris":66,
          "Allergier":[""],
          "Storrelse":"350 gram",
          "Produsent":"Honningcentralen",
          "Bilde":"Bilder/Fjellhonning.jpg",
          "Bilde2":"Bilder/FjellhonningStor.jpg"
        },
        "BlomsterhonningMørk":{
          "Vare":"Blomsterhonning Mørk",
          "Pris":70,
          "Allergier":[""],
          "Storrelse":"350",
          "Produsent":"Honningcentralen",
          "Bilde":"Bilder/BlomsterhonningMørk.jpg",
          "Bilde2":"Bilder/BlomsterhonningMørkStor.jpg"
        },
        "BringebærhonningMyk":{
          "Vare":"Bringebærhonning Myk",
          "Pris":92,
          "Allergier":[""],
          "Storrelse":"350 gram",
          "Produsent":"Kjartan Dahl",
          "Bilde":"Bilder/BringebærhonningMyk.jpg",
          "Bilde2":"Bilder/BringebærhonningMykStor.jpg"
        },
        "LynghonningKraftig":{
          "Vare":"Lynghonning Kraftig",
          "Pris":92,
          "Allergier":[""],
          "Storrelse":"350 gram",
          "Produsent":"Kjartan Dahl",
          "Bilde":"Bilder/LynghonningKraftig.jpg",
          "Bilde2":"Bilder/LynghonningKraftigStor.jpg"
        },
        "SkogshonningRen":{
          "Vare":"Skogshonning Ren",
          "Pris":92,
          "Allergier":[""],
          "Storrelse":"350 gram",
          "Produsent":"Kjartan Dahl",
          "Bilde":"Bilder/SkogshonningRen.jpg",
          "Bilde2":"Bilder/SkogshonningRenStor.jpg"
        },
        "Lynghonning2":{
          "Vare":"Lynghonning",
          "Pris":77,
          "Allergier":[""],
          "Storrelse":"250 gram",
          "Produsent":"Stavland Hermetikk",
          "Bilde":"Bilder/Lynghonning2.jpg",
          "Bilde2":"Bilder/Lynghonning2Stor.jpg"
        },

        "Ektehonning":{
          "Vare":"Ekte Honning",
          "Pris":66,
          "Allergier":[""],
          "Storrelse":"350 gram",
          "Produsent":"Honningcentralen",
          "Bilde":"Bilder/Ektehonning.jpg",
          "Bilde2":"Bilder/EktehonningStor.jpg"
        },
        "NugattiAir":{
          "Vare":"Nugatti Air",
          "Pris":32,
          "Allergier":["Nøtter"],
          "Storrelse":"340 gram",
          "Produsent":"Orkla",
          "Bilde":"Bilder/NugattiAir.jpg",
          "Bilde2":"Bilder/NugattiAirStor.jpg"
        },
        "NugattiMax":{
          "Vare":"Nugatti Max",
          "Pris":40,
          "Allergier":["Nøtter"],
          "Storrelse":"450 gram",
          "Produsent":"Orkla",
          "Bilde":"Bilder/NugattiMax.jpg",
          "Bilde2":"Bilder/NugattiMaxStor.jpg"
        },
        "NugattiSmash":{
          "Vare":"Nugatti Søtt, Salt og Sprøtt",
          "Pris":45,
          "Allergier":["Nøtter"],
          "Storrelse":"325 gram",
          "Produsent":"Orkla",
          "Bilde":"Bilder/NugattiSmash.jpg",
          "Bilde2":"Bilder/NugattiSmashStor.jpg"
        },
        "Nugatti":{
          "Vare":"Nugatti",
          "Pris":23,
          "Allergier":["Nøtter"],
          "Storrelse":"500 gram",
          "Produsent":"Orkla",
          "Bilde":"Bilder/Nugatti.jpg",
          "Bilde2":"Bilder/NugattiStor.jpg"
        }
      }
    }
  },
  "Oppskrifter":{
    "Frokost":{
      "GHS":{
        "Overskrift":"Grove Havrescones",
        "Tid":"20-40",
        "Bemerkning":"Middels",
        "Tekst":"Scones lages med bakepulver som hevemiddel, og er derfor raskt å lage. Grove scones passer til frokost, lunsj, som kuvertbrød eller som tilbehør til koldtbordet. ",
        "Ingredienser":"kanskje noe her",
        "Innstruks":"blablabla",
        "Bilde":"Bilder/GHS.jpg ",
        "Bilde2":"Bilder/GHSStor.jpg"
      },
      "KGmK":{
        "Overskrift":"Kjøleskapsgrøt med Kokos",
        "Tid":"60",
        "Bemerkning":"Enkel",
        "Tekst":"En herlig start på dagen; kjølskapsgrøt med kokos og blåbær. Det beste er at grøten nærmest lager seg selv, over natten.",
        "Ingredienser":"kanskje noe her",
        "Innstruks1":"1. Ha havregryn og melk i et glass eller en annen beholder med lokk. Tilsett kokosflak og havparten av blåbær.",
        "Innstruks2":"2. Ha på lokk, og sett glasset i kjøleskapet til neste morgen.",
        "Innstruks3":"3. Rør rundt i grøten før servering, tilsett vaniljekesam eller yoghurt. Server med ekstra blåbær.",
        "Bilde":"Bilder/KGmK.jpg",
        "Bilde2":"Bilder/KGmKStor.jpg"
      },
      "MCmAM":{
        "Overskrift":"Minicroissanter med Appelsinmarmelade",
        "Tid":"20-40",
        "Bemerkning":"Middels",
        "Tekst":"Disse små søte minicroissantene smaker himmelsk sammen med appelsinmarmelade. En søt avslutning på et måltid, som kaffegodt eller som eksklusiv frokost når det er det som kreves. ",
        "Ingredienser":"kanskje noe her",
        "Innstruks1":"blablabla",
        "Innstruks2":"blablabla",
        "Innstruks3":"blablabla",
        "Bilde":"Bilder/MCmAM.jpg",
        "Bilde2":"Bilder/MCmAMStor.jpg"
      },
      "SPK":{
        "Overskrift":"Sunne Pannekaker",
        "Tid":"Under 20",
        "Bemerkning":"Lett",
        "Tekst":"Pannekaker kan også være en sunn frokost som gir en god start på dagen. Denne røra går raskt å lage, og med banan i røra får du en søt smak uten å bruke sukker. Server med cottage cheese og friske bjørnebær.",
        "Ingredienser":"kanskje noe her",
        "Innstruks":"blablabla",
        "Bilde":"Bilder/SPK.jpg",
        "Bilde2":"Bilder/SPKStor.jpg"
      }
    },
    "Lunsj":{
      "ErmU":{
        "Overskrift":"Eggerøre med Urter",
        "Tid":"Under 20",
        "Bemerkning":"Enkel",
        "Tekst":"Eggerøre kan varieres i det uendelige. Denne oppskriften er med urter, og du kan bruke de urtene du ønsker eller har tilgjengelig.",
        "Ingredienser":"kanskje noe her",
        "Innstruks":"blablabla",
        "Bilde":"Bilder/ErmU.jpg ",
        "Bilde2":"Bilder/ErmUStor2.jpg"
      },
      "SmSoCC":{
        "Overskrift":"Sandwich med Skinke og Cottage Cheese",
        "Tid":"20",
        "Bemerkning":"Enkel",
        "Tekst":"Lei den vanlige skiva med gulost? Prøv denne spennende skinkesandwichen med cottage cheese! Lag hjemmelagde knekkebrød eller kjøp noen med masse deilige frø på butikken. Sunt og godt!",
        "Ingredienser":"kanskje noe her",
        "Innstruks":"blablabla",
        "Bilde":"Bilder/SmSoCC.jpg ",
        "Bilde2":"Bilder/SmSoCCStor.jpg"
      },
      "BEiTS":{
        "Overskrift":"Bakt Egg i Tomatsaus",
        "Tid":"10",
        "Bemerkning":"Rask",
        "Tekst":"En rest av tomatsaus sammen med egg kan bli en smakfull middagsrett. Raskt og veldig godt!",
        "Ingredienser":"kanskje noe her",
        "Innstruks":"blablabla",
        "Bilde":"Bilder/BEiTS.jpg ",
        "Bilde2":"Bilder/BEiTSStor.jpg"
      },
      "CmF":{
        "Overskrift":"Crêpes med fenalår, ramsløk og snøfrisk",
        "Tid":"60",
        "Bemerkning":"Middels",
        "Tekst":"Løvtynne pannekaker med søtt eller salt fyll er klassisk gatemat i Frankrike, og selges fra crêperies eller små vogner på annethvert gatehjørne. Vi har tatt crêpen hjem, og serverer en variant med tynne, tynne skiver norsk fenalår, ramsløk og Snøfrisk. C’est bon! (Il a bon goût)",
        "Ingredienser":"kanskje noe her",
        "Innstruks":"blablabla",
        "Bilde":"Bilder/CmF.jpg ",
        "Bilde2":"Bilder/CmFStor.jpg"
      }
    },
    "Middag":{
      "KbmTS":{
        "Overskrift":"Kjøttboller med tomatsaus og pasta",
        "Tid":"20-40",
        "Bemerkning":"Enkel",
        "Tekst":"Dette er kanskje den aller mest populære pastaretten hos den yngre garde, etter pasta bolognese. Selv om kjøttboller og tomatsaus er superenkelt å lage, smaker det himmelsk og mer til. ",
        "Ingredienser":"kanskje noe her",
        "Innstruks":"blablabla",
        "Bilde":"Bilder/KbmTS.jpg ",
        "Bilde2":"Bilder/KbmTSStor.jpg"
      },
      "MT":{
        "Overskrift":"Minitacos",
        "Tid":"20-40",
        "Bemerkning":"Enkel",
        "Tekst":"Dette er håndmat som kommer til å slå an blant barn i alle aldre! Perfekt som helgekos eller i et barneselskap.",
        "Ingredienser":"kanskje noe her",
        "Innstruks":"blablabla",
        "Bilde":"Bilder/MT.jpg ",
        "Bilde2":"Bilder/MTStor.jpg"
      },
      "Mbmkp":{
        "Overskrift":"Minuttbiff med kanaripoteter",
        "Tid":"40-60",
        "Bemerkning":"Enkel",
        "Tekst":"Skjærer du biffen i tynne skiver før du steker den tar det ikke stort mer enn et minutt i stekepanna eller på grillen før den er perfekt stekt og ferdig til servering. Små ferskpoteter kokt med salt og en enkel, men god, majonesdressing er deilig tilbehør.",
        "Ingredienser":"kanskje noe her",
        "Innstruks":"blablabla",
        "Bilde":"Bilder/Mbmkp.jpg ",
        "Bilde2":"Bilder/MbmkpStor.jpg"
      },
      "TB":{
        "Overskrift":"Tacoburger",
        "Tid":"20-40",
        "Bemerkning":"Middels",
        "Tekst":"Hva med å kombinere taco og burger i ett? Overrask barna med en saftig og smakfull burger laget på kjøttdeig av svin, tacokrydder og ost. Server med tomater, avokadomos en deilig maiskrem og topp med tortillachips. Dette vil hele familien elske. ",
        "Ingredienser":"kanskje noe her",
        "Innstruks":"blablabla",
        "Bilde":"Bilder/TB.jpg ",
        "Bilde2":"Bilder/TBStor.jpg"
      }
    }
  }
}
